{"layouts":{"layout-1":{"data":{"notebook:L1_Exercise_1_Creating_a_Table_with_Postgres.ipynb":{"data":{"path":"L1_Exercise_1_Creating_a_Table_with_Postgres.ipynb","factory":"Notebook"}},"notebook:L1_Demo_1_Creating_a_Table_with_Postgres.ipynb":{"data":{"path":"L1_Demo_1_Creating_a_Table_with_Postgres.ipynb","factory":"Notebook"}},"notebook:L1_Demo_0_Creating_a_Table_with_Postgres.ipynb":{"data":{"path":"L1_Demo_0_Creating_a_Table_with_Postgres.ipynb","factory":"Notebook"}},"layout-restorer:data":{"main":{"dock":{"type":"tab-area","currentIndex":2,"widgets":["notebook:L1_Demo_0_Creating_a_Table_with_Postgres.ipynb","notebook:L1_Demo_1_Creating_a_Table_with_Postgres.ipynb","notebook:L1_Exercise_1_Creating_a_Table_with_Postgres.ipynb"]},"mode":"multiple-document","current":"notebook:L1_Exercise_1_Creating_a_Table_with_Postgres.ipynb"},"left":{"collapsed":true,"widgets":["filebrowser","running-sessions","command-palette","tab-manager"]},"right":{"collapsed":true,"widgets":[]}}},"metadata":{"id":"/lab"}}}}